Workbook

Sheet REF
A1: Model | B1: Scenario | C1: Region | D1: Variable | E1: Unit | F1: 1970 | G1: 1975 | H1: 1980 | I1: 1985 | J1: 1990 | K1: 1995 | L1: 2000 | M1: 2005 | N1: 2010 | O1: 2015 | P1: 2020 | Q1: 2025 | R1: 2030 | S1: 2035 | T1: 2040 | U1: 2045 | V1: 2050 | W1: 2055 | X1: 2060 | Y1: 2065 | Z1: 2070 | AA1: 2075 | AB1: 2080 | AC1: 2085 | AD1: 2090 | AE1: 2095 | AF1: 2100
A2: IMAGE-GLOBIO 3.3 | B2: REF | C2: CAN | D2: Terrestrial Biodiversity|MSA | E2: % | F2: 83.483296 | L2: 80.715221 | O2: 79.458172 | R2: 78.021131 | V2: 75.852284 | Z2: 73.48164 | AF2: 69.520362
A3: IMAGE-GLOBIO 3.3 | B3: REF | C3: CAN | D3: Terrestrial Biodiversity|MSA|Plants | E3: % | F3: 79.31674 | L3: 75.781453 | O3: 74.251476 | R3: 72.638508 | V3: 69.867226 | Z3: 66.886804 | AF3: 61.865691
A4: IMAGE-GLOBIO 3.3 | B4: REF | C4: CAN | D4: Terrestrial Biodiversity|MSA Loss|Plants|Pressure Climate Change | E4: % | F4: 5.7302529 | L4: 7.1839675 | O4: 7.9932118 | R4: 9.4141895 | V4: 10.915305 | Z4: 13.338612 | AF4: 17.938394
A5: IMAGE-GLOBIO 3.3 | B5: REF | C5: CAN | D5: Terrestrial Biodiversity|MSA Loss|Plants|Pressure Land Use | E5: % | F5: 6.2642388 | L5: 7.5745206 | O5: 7.9916377 | R5: 8.5707182 | V5: 9.2787194 | Z5: 9.7520538 | AF5: 9.9187281
A6: IMAGE-GLOBIO 3.3 | B6: REF | C6: CAN | D6: Terrestrial Biodiversity|MSA Loss|Plants|Pressure Nitrogen | E6: % | F6: 8.4215195 | L6: 9.1926937 | O6: 9.4959423 | R6: 9.1091854 | V6: 9.6714535 | Z6: 9.7548403 | AF6: 9.8035784
A7: IMAGE-GLOBIO 3.3 | B7: REF | C7: CAN | D7: Terrestrial Biodiversity|MSA Loss|Pressure Climate Change | E7: % | F7: 4.9147117 | L7: 6.0564407 | O7: 6.6882642 | R7: 7.785112 | V7: 8.9469475 | Z7: 10.806675 | AF7: 14.326427
A8: IMAGE-GLOBIO 3.3 | B8: REF | C8: CAN | D8: Terrestrial Biodiversity|MSA Loss|Pressure Land Use | E8: % | F8: 5.2696687 | L8: 6.5564923 | O8: 7.0242509 | R8: 7.592861 | V8: 8.334527 | Z8: 8.8369219 | AF8: 9.1028058
A9: IMAGE-GLOBIO 3.3 | B9: REF | C9: CAN | D9: Terrestrial Biodiversity|MSA Loss|Pressure Nitrogen | E9: % | F9: 4.2107598 | L9: 4.5963468 | O9: 4.7479711 | R9: 4.5545927 | V9: 4.8357268 | Z9: 4.8774201 | AF9: 4.9017892
A10: IMAGE-GLOBIO 3.3 | B10: REF | C10: CAN | D10: Terrestrial Biodiversity|MSA Loss|Encroachment | E10: % | F10: 0 | L10: 0 | O10: 0 | R10: 0 | V10: 0 | Z10: 0 | AF10: 0
A11: IMAGE-GLOBIO 3.3 | B11: REF | C11: CAN | D11: Terrestrial Biodiversity|MSA Loss|Fragmentation | E11: % | F11: 0.85069036 | L11: 0.8385767 | O11: 0.85492088 | R11: 0.83604048 | V11: 0.83243428 | Z11: 0.81247211 | AF11: 0.78009482
A12: IMAGE-GLOBIO 3.3 | B12: REF | C12: CAN | D12: Terrestrial Biodiversity|MSA Loss|Infrastructure Disturbance | E12: % | F12: 1.0035342 | L12: 0.96944195 | O12: 0.95878459 | R12: 0.9428377 | V12: 0.9308152 | Z12: 0.91726448 | AF12: 0.8949816
A13: IMAGE-GLOBIO 3.3 | B13: REF | C13: CAN | D13: Terrestrial Biodiversity|MSA|Vertebrates | E13: % | F13: 87.649851 | L13: 85.648989 | O13: 84.664868 | R13: 83.403755 | V13: 81.837342 | Z13: 80.076477 | AF13: 77.175032
... A469: IMAGE-GLOBIO 3.3 | B469: REF | C469: RSAF | D469: Area | E469: km2 | F469: 5574489 | L469: 5574490 | O469: 5574493 | R469: 5574491 | V469: 5574487 | Z469: 5574488 | AF469: 5574491

Sheet REF_UN5

Sheet REF-1p5c
A1: Model | B1: Scenario | C1: Region | D1: Variable | E1: Unit | F1: 1970 | G1: 1975 | H1: 1980 | I1: 1985 | J1: 1990 | K1: 1995 | L1: 2000 | M1: 2005 | N1: 2010 | O1: 2015 | P1: 2020 | Q1: 2025 | R1: 2030 | S1: 2035 | T1: 2040 | U1: 2045 | V1: 2050 | W1: 2055 | X1: 2060 | Y1: 2065 | Z1: 2070 | AA1: 2075 | AB1: 2080 | AC1: 2085 | AD1: 2090 | AE1: 2095 | AF1: 2100
A2: IMAGE-GLOBIO 3.3 | B2: REF-1p5C | C2: CAN | D2: Terrestrial Biodiversity|MSA | E2: % | R2: 77.866371 | V2: 76.383023 | Z2: 74.533955 | AF2: 74.041332
A3: IMAGE-GLOBIO 3.3 | B3: REF-1p5C | C3: CAN | D3: Terrestrial Biodiversity|MSA|Plants | E3: % | R3: 72.408987 | V3: 70.379236 | Z3: 68.213932 | AF3: 67.4433
A4: IMAGE-GLOBIO 3.3 | B4: REF-1p5C | C4: CAN | D4: Terrestrial Biodiversity|MSA Loss|Plants|Pressure Climate Change | E4: % | R4: 9.5830171 | V4: 9.8533943 | Z4: 9.4594512 | AF4: 9.1514734
A5: IMAGE-GLOBIO 3.3 | B5: REF-1p5C | C5: CAN | D5: Terrestrial Biodiversity|MSA Loss|Plants|Pressure Land Use | E5: % | R5: 8.6352401 | V5: 9.4674486 | Z5: 11.293726 | AF5: 11.584589
A6: IMAGE-GLOBIO 3.3 | B6: REF-1p5C | C6: CAN | D6: Terrestrial Biodiversity|MSA Loss|Plants|Pressure Nitrogen | E6: % | R6: 9.1052711 | V6: 10.032584 | Z6: 10.765392 | AF6: 11.430534
A7: IMAGE-GLOBIO 3.3 | B7: REF-1p5C | C7: CAN | D7: Terrestrial Biodiversity|MSA Loss|Pressure Climate Change | E7: % | R7: 7.9149677 | V7: 8.1325503 | Z7: 7.8426371 | AF7: 7.6089388
A8: IMAGE-GLOBIO 3.3 | B8: REF-1p5C | C8: CAN | D8: Terrestrial Biodiversity|MSA Loss|Pressure Land Use | E8: % | R8: 7.6421584 | V8: 8.4637971 | Z8: 10.219917 | AF8: 10.513114
A9: IMAGE-GLOBIO 3.3 | B9: REF-1p5C | C9: CAN | D9: Terrestrial Biodiversity|MSA Loss|Pressure Nitrogen | E9: % | R9: 4.5526355 | V9: 5.0162918 | Z9: 5.3826962 | AF9: 5.7152671
A10: IMAGE-GLOBIO 3.3 | B10: REF-1p5C | C10: CAN | D10: Terrestrial Biodiversity|MSA Loss|Encroachment | E10: % | R10: 0 | V10: 0 | Z10: 0 | AF10: 0
A11: IMAGE-GLOBIO 3.3 | B11: REF-1p5C | C11: CAN | D11: Terrestrial Biodiversity|MSA Loss|Fragmentation | E11: % | R11: 0.8178008 | V11: 0.80960977 | Z11: 0.8182453 | AF11: 0.81298616
A12: IMAGE-GLOBIO 3.3 | B12: REF-1p5C | C12: CAN | D12: Terrestrial Biodiversity|MSA Loss|Infrastructure Disturbance | E12: % | R12: 0.9384877 | V12: 0.92740063 | Z12: 0.93490412 | AF12: 0.9182179
A13: IMAGE-GLOBIO 3.3 | B13: REF-1p5C | C13: CAN | D13: Terrestrial Biodiversity|MSA|Vertebrates | E13: % | R13: 83.323755 | V13: 82.386809 | Z13: 80.853979 | AF13: 80.639365
... A469: IMAGE-GLOBIO 3.3 | B469: REF-1p5C | C469: RSAF | D469: Area | E469: km2 | R469: 5574489 | V469: 5574492 | Z469: 5574491 | AF469: 5574490

Sheet data
A1: Model | B1: Scenario | C1: Region | D1: Variable | E1: Unit | F1: 1970 | G1: 1975 | H1: 1980 | I1: 1985 | J1: 1990 | K1: 1995 | L1: 2000 | M1: 2005 | N1: 2010 | O1: 2015 | P1: 2020 | Q1: 2025 | R1: 2030 | S1: 2035 | T1: 2040 | U1: 2045 | V1: 2050 | W1: 2055 | X1: 2060 | Y1: 2065 | Z1: 2070 | AA1: 2075 | AB1: 2080 | AC1: 2085 | AD1: 2090 | AE1: 2095 | AF1: 2100
A2: IMAGE-GLOBIO 3.3 | B2: REF | C2: CAN | D2: Terrestrial Biodiversity|MSA | E2: % | F2: 83.483296 | L2: 80.715221 | O2: 79.458172 | R2: 78.021131 | V2: 75.852284 | Z2: 73.48164 | AF2: 69.520362
A3: IMAGE-GLOBIO 3.3 | B3: REF | C3: CAN | D3: Terrestrial Biodiversity|MSA|Plants | E3: % | F3: 79.31674 | L3: 75.781453 | O3: 74.251476 | R3: 72.638508 | V3: 69.867226 | Z3: 66.886804 | AF3: 61.865691
A4: IMAGE-GLOBIO 3.3 | B4: REF | C4: CAN | D4: Terrestrial Biodiversity|MSA Loss|Plants|Pressure Climate Change | E4: % | F4: 5.7302529 | L4: 7.1839675 | O4: 7.9932118 | R4: 9.4141895 | V4: 10.915305 | Z4: 13.338612 | AF4: 17.938394
A5: IMAGE-GLOBIO 3.3 | B5: REF | C5: CAN | D5: Terrestrial Biodiversity|MSA Loss|Plants|Pressure Land Use | E5: % | F5: 6.2642388 | L5: 7.5745206 | O5: 7.9916377 | R5: 8.5707182 | V5: 9.2787194 | Z5: 9.7520538 | AF5: 9.9187281
A6: IMAGE-GLOBIO 3.3 | B6: REF | C6: CAN | D6: Terrestrial Biodiversity|MSA Loss|Plants|Pressure Nitrogen | E6: % | F6: 8.4215195 | L6: 9.1926937 | O6: 9.4959423 | R6: 9.1091854 | V6: 9.6714535 | Z6: 9.7548403 | AF6: 9.8035784
A7: IMAGE-GLOBIO 3.3 | B7: REF | C7: CAN | D7: Terrestrial Biodiversity|MSA Loss|Pressure Climate Change | E7: % | F7: 4.9147117 | L7: 6.0564407 | O7: 6.6882642 | R7: 7.785112 | V7: 8.9469475 | Z7: 10.806675 | AF7: 14.326427
A8: IMAGE-GLOBIO 3.3 | B8: REF | C8: CAN | D8: Terrestrial Biodiversity|MSA Loss|Pressure Land Use | E8: % | F8: 5.2696687 | L8: 6.5564923 | O8: 7.0242509 | R8: 7.592861 | V8: 8.334527 | Z8: 8.8369219 | AF8: 9.1028058
A9: IMAGE-GLOBIO 3.3 | B9: REF | C9: CAN | D9: Terrestrial Biodiversity|MSA Loss|Pressure Nitrogen | E9: % | F9: 4.2107598 | L9: 4.5963468 | O9: 4.7479711 | R9: 4.5545927 | V9: 4.8357268 | Z9: 4.8774201 | AF9: 4.9017892
A10: IMAGE-GLOBIO 3.3 | B10: REF | C10: CAN | D10: Terrestrial Biodiversity|MSA Loss|Encroachment | E10: % | F10: 0 | L10: 0 | O10: 0 | R10: 0 | V10: 0 | Z10: 0 | AF10: 0
A11: IMAGE-GLOBIO 3.3 | B11: REF | C11: CAN | D11: Terrestrial Biodiversity|MSA Loss|Fragmentation | E11: % | F11: 0.85069036 | L11: 0.8385767 | O11: 0.85492088 | R11: 0.83604048 | V11: 0.83243428 | Z11: 0.81247211 | AF11: 0.78009482
A12: IMAGE-GLOBIO 3.3 | B12: REF | C12: CAN | D12: Terrestrial Biodiversity|MSA Loss|Infrastructure Disturbance | E12: % | F12: 1.0035342 | L12: 0.96944195 | O12: 0.95878459 | R12: 0.9428377 | V12: 0.9308152 | Z12: 0.91726448 | AF12: 0.8949816
A13: IMAGE-GLOBIO 3.3 | B13: REF | C13: CAN | D13: Terrestrial Biodiversity|MSA|Vertebrates | E13: % | F13: 87.649851 | L13: 85.648989 | O13: 84.664868 | R13: 83.403755 | V13: 81.837342 | Z13: 80.076477 | AF13: 77.175032
... A469: IMAGE-GLOBIO 3.3 | B469: REF | C469: RSAF | D469: Area | E469: km2 | F469: 5574489 | L469: 5574490 | O469: 5574493 | R469: 5574491 | V469: 5574487 | Z469: 5574488 | AF469: 5574491
A470: IMAGE-GLOBIO 3.3 | B470: REF-1p5C | C470: CAN | D470: Terrestrial Biodiversity|MSA | E470: % | R470: 77.866371 | V470: 76.383023 | Z470: 74.533955 | AF470: 74.041332
A471: IMAGE-GLOBIO 3.3 | B471: REF-1p5C | C471: CAN | D471: Terrestrial Biodiversity|MSA|Plants | E471: % | R471: 72.408987 | V471: 70.379236 | Z471: 68.213932 | AF471: 67.4433
A472: IMAGE-GLOBIO 3.3 | B472: REF-1p5C | C472: CAN | D472: Terrestrial Biodiversity|MSA Loss|Plants|Pressure Climate Change | E472: % | R472: 9.5830171 | V472: 9.8533943 | Z472: 9.4594512 | AF472: 9.1514734
A473: IMAGE-GLOBIO 3.3 | B473: REF-1p5C | C473: CAN | D473: Terrestrial Biodiversity|MSA Loss|Plants|Pressure Land Use | E473: % | R473: 8.6352401 | V473: 9.4674486 | Z473: 11.293726 | AF473: 11.584589
A474: IMAGE-GLOBIO 3.3 | B474: REF-1p5C | C474: CAN | D474: Terrestrial Biodiversity|MSA Loss|Plants|Pressure Nitrogen | E474: % | R474: 9.1052711 | V474: 10.032584 | Z474: 10.765392 | AF474: 11.430534
A475: IMAGE-GLOBIO 3.3 | B475: REF-1p5C | C475: CAN | D475: Terrestrial Biodiversity|MSA Loss|Pressure Climate Change | E475: % | R475: 7.9149677 | V475: 8.1325503 | Z475: 7.8426371 | AF475: 7.6089388
A476: IMAGE-GLOBIO 3.3 | B476: REF-1p5C | C476: CAN | D476: Terrestrial Biodiversity|MSA Loss|Pressure Land Use | E476: % | R476: 7.6421584 | V476: 8.4637971 | Z476: 10.219917 | AF476: 10.513114
A477: IMAGE-GLOBIO 3.3 | B477: REF-1p5C | C477: CAN | D477: Terrestrial Biodiversity|MSA Loss|Pressure Nitrogen | E477: % | R477: 4.5526355 | V477: 5.0162918 | Z477: 5.3826962 | AF477: 5.7152671
A478: IMAGE-GLOBIO 3.3 | B478: REF-1p5C | C478: CAN | D478: Terrestrial Biodiversity|MSA Loss|Encroachment | E478: % | R478: 0 | V478: 0 | Z478: 0 | AF478: 0
A479: IMAGE-GLOBIO 3.3 | B479: REF-1p5C | C479: CAN | D479: Terrestrial Biodiversity|MSA Loss|Fragmentation | E479: % | R479: 0.8178008 | V479: 0.80960977 | Z479: 0.8182453 | AF479: 0.81298616
A480: IMAGE-GLOBIO 3.3 | B480: REF-1p5C | C480: CAN | D480: Terrestrial Biodiversity|MSA Loss|Infrastructure Disturbance | E480: % | R480: 0.9384877 | V480: 0.92740063 | Z480: 0.93490412 | AF480: 0.9182179
A481: IMAGE-GLOBIO 3.3 | B481: REF-1p5C | C481: CAN | D481: Terrestrial Biodiversity|MSA|Vertebrates | E481: % | R481: 83.323755 | V481: 82.386809 | Z481: 80.853979 | AF481: 80.639365
... A1873: IMAGE-GLOBIO 3.3 | B1873: LIFE-TP | C1873: RSAF | D1873: Area | E1873: km2 | R1873: 5574491.4 | V1873: 5574490.9 | Z1873: 5574489.9 | AF1873: 5574488.8

Sheet TECH-TP
A1: Model | B1: Scenario | C1: Region | D1: Variable | E1: Unit | F1: 1970 | G1: 1975 | H1: 1980 | I1: 1985 | J1: 1990 | K1: 1995 | L1: 2000 | M1: 2005 | N1: 2010 | O1: 2015 | P1: 2020 | Q1: 2025 | R1: 2030 | S1: 2035 | T1: 2040 | U1: 2045 | V1: 2050 | W1: 2055 | X1: 2060 | Y1: 2065 | Z1: 2070 | AA1: 2075 | AB1: 2080 | AC1: 2085 | AD1: 2090 | AE1: 2095 | AF1: 2100
A2: IMAGE-GLOBIO 3.3 | B2: TECH-TP | C2: CAN | D2: Terrestrial Biodiversity|MSA | E2: % | R2: 77.637568 | V2: 76.656817 | Z2: 76.211296 | AF2: 75.743904
A3: IMAGE-GLOBIO 3.3 | B3: TECH-TP | C3: CAN | D3: Terrestrial Biodiversity|MSA|Plants | E3: % | R3: 72.393868 | V3: 71.229971 | Z3: 70.689356 | AF3: 70.245652
A4: IMAGE-GLOBIO 3.3 | B4: TECH-TP | C4: CAN | D4: Terrestrial Biodiversity|MSA Loss|Plants|Pressure Climate Change | E4: % | R4: 9.6118936 | V4: 9.8871977 | Z4: 9.5537844 | AF4: 9.0481729
A5: IMAGE-GLOBIO 3.3 | B5: TECH-TP | C5: CAN | D5: Terrestrial Biodiversity|MSA Loss|Plants|Pressure Land Use | E5: % | R5: 8.9419136 | V5: 9.6009015 | Z5: 10.248976 | AF5: 10.822479
A6: IMAGE-GLOBIO 3.3 | B6: TECH-TP | C6: CAN | D6: Terrestrial Biodiversity|MSA Loss|Plants|Pressure Nitrogen | E6: % | R6: 8.7850539 | V6: 9.0142908 | Z6: 9.2404014 | AF6: 9.441716
A7: IMAGE-GLOBIO 3.3 | B7: TECH-TP | C7: CAN | D7: Terrestrial Biodiversity|MSA Loss|Pressure Climate Change | E7: % | R7: 7.9364163 | V7: 8.1527089 | Z7: 7.8999709 | AF7: 7.5134864
A8: IMAGE-GLOBIO 3.3 | B8: TECH-TP | C8: CAN | D8: Terrestrial Biodiversity|MSA Loss|Pressure Land Use | E8: % | R8: 7.9623845 | V8: 8.6127794 | Z8: 9.220002 | AF8: 9.8032819
A9: IMAGE-GLOBIO 3.3 | B9: TECH-TP | C9: CAN | D9: Terrestrial Biodiversity|MSA Loss|Pressure Nitrogen | E9: % | R9: 4.392527 | V9: 4.5071454 | Z9: 4.6202007 | AF9: 4.720858
A10: IMAGE-GLOBIO 3.3 | B10: TECH-TP | C10: CAN | D10: Terrestrial Biodiversity|MSA Loss|Encroachment | E10: % | R10: 0 | V10: 0 | Z10: 0 | AF10: 0
A11: IMAGE-GLOBIO 3.3 | B11: TECH-TP | C11: CAN | D11: Terrestrial Biodiversity|MSA Loss|Fragmentation | E11: % | R11: 0.8582496 | V11: 0.8618209 | Z11: 0.84218602 | AF11: 0.84254989
A12: IMAGE-GLOBIO 3.3 | B12: TECH-TP | C12: CAN | D12: Terrestrial Biodiversity|MSA Loss|Infrastructure Disturbance | E12: % | R12: 0.94557296 | V12: 0.9411441 | Z12: 0.93879018 | AF12: 0.93374895
A13: IMAGE-GLOBIO 3.3 | B13: TECH-TP | C13: CAN | D13: Terrestrial Biodiversity|MSA|Vertebrates | E13: % | R13: 82.881268 | V13: 82.083664 | Z13: 81.733236 | AF13: 81.242155
... A469: IMAGE-GLOBIO 3.3 | B469: TECH-TP | C469: RSAF | D469: Area | E469: km2 | R469: 5574493 | V469: 5574491 | Z469: 5571047 | AF469: 5570658

Sheet LIFE-TP
A1: Model | B1: Scenario | C1: Region | D1: Variable | E1: Unit | F1: 1970 | G1: 1975 | H1: 1980 | I1: 1985 | J1: 1990 | K1: 1995 | L1: 2000 | M1: 2005 | N1: 2010 | O1: 2015 | P1: 2020 | Q1: 2025 | R1: 2030 | S1: 2035 | T1: 2040 | U1: 2045 | V1: 2050 | W1: 2055 | X1: 2060 | Y1: 2065 | Z1: 2070 | AA1: 2075 | AB1: 2080 | AC1: 2085 | AD1: 2090 | AE1: 2095 | AF1: 2100
A2: IMAGE-GLOBIO 3.3 | B2: LIFE-TP | C2: CAN | D2: Terrestrial Biodiversity|MSA | E2: % | R2: 77.252988 | V2: 76.250373 | Z2: 76.165332 | AF2: 75.256833
A3: IMAGE-GLOBIO 3.3 | B3: LIFE-TP | C3: CAN | D3: Terrestrial Biodiversity|MSA|Plants | E3: % | R3: 71.964431 | V3: 71.041316 | Z3: 70.710556 | AF3: 70.076079
A4: IMAGE-GLOBIO 3.3 | B4: LIFE-TP | C4: CAN | D4: Terrestrial Biodiversity|MSA Loss|Plants|Pressure Climate Change | E4: % | R4: 9.6145744 | V4: 9.7099891 | Z4: 9.2715945 | AF4: 8.871883
A5: IMAGE-GLOBIO 3.3 | B5: LIFE-TP | C5: CAN | D5: Terrestrial Biodiversity|MSA Loss|Plants|Pressure Land Use | E5: % | R5: 9.3642787 | V5: 9.8836265 | Z5: 10.509012 | AF5: 11.236839
A6: IMAGE-GLOBIO 3.3 | B6: LIFE-TP | C6: CAN | D6: Terrestrial Biodiversity|MSA Loss|Plants|Pressure Nitrogen | E6: % | R6: 8.7894843 | V6: 9.0977508 | Z6: 9.2412853 | AF6: 9.4166446
A7: IMAGE-GLOBIO 3.3 | B7: LIFE-TP | C7: CAN | D7: Terrestrial Biodiversity|MSA Loss|Pressure Climate Change | E7: % | R7: 7.9399739 | V7: 8.0184991 | Z7: 7.68495 | AF7: 7.3793199
A8: IMAGE-GLOBIO 3.3 | B8: LIFE-TP | C8: CAN | D8: Terrestrial Biodiversity|MSA Loss|Pressure Land Use | E8: % | R8: 8.3522077 | V8: 9.1158819 | Z8: 9.4641229 | AF8: 10.477185
A9: IMAGE-GLOBIO 3.3 | B9: LIFE-TP | C9: CAN | D9: Terrestrial Biodiversity|MSA Loss|Pressure Nitrogen | E9: % | R9: 4.3947422 | V9: 4.5488754 | Z9: 4.6206427 | AF9: 4.7083223
A10: IMAGE-GLOBIO 3.3 | B10: LIFE-TP | C10: CAN | D10: Terrestrial Biodiversity|MSA Loss|Encroachment | E10: % | R10: 0 | V10: 0 | Z10: 0 | AF10: 0
A11: IMAGE-GLOBIO 3.3 | B11: LIFE-TP | C11: CAN | D11: Terrestrial Biodiversity|MSA Loss|Fragmentation | E11: % | R11: 0.84652768 | V11: 0.8545878 | Z11: 0.84872901 | AF11: 0.83449539
A12: IMAGE-GLOBIO 3.3 | B12: LIFE-TP | C12: CAN | D12: Terrestrial Biodiversity|MSA Loss|Infrastructure Disturbance | E12: % | R12: 0.94613338 | V12: 0.94440874 | Z12: 0.94856276 | AF12: 0.94518314
A13: IMAGE-GLOBIO 3.3 | B13: LIFE-TP | C13: CAN | D13: Terrestrial Biodiversity|MSA|Vertebrates | E13: % | R13: 82.541545 | V13: 81.45943 | Z13: 81.620107 | AF13: 80.437587
... A469: IMAGE-GLOBIO 3.3 | B469: LIFE-TP | C469: RSAF | D469: Area | E469: km2 | R469: 5574491.4 | V469: 5574490.9 | Z469: 5574489.9 | AF469: 5574488.8

Sheet CONS-19_UN5
A1: UN5 | B1: Model | C1: Scenario | D1: Region | E1: Variable | F1: Unit | G1: 1970 | H1: 1975 | I1: 1980 | J1: 1985 | K1: 1990 | L1: 1995 | M1: 2000 | N1: 2005 | O1: 2010 | P1: 2015 | Q1: 2020 | R1: 2025 | S1: 2030 | T1: 2035 | U1: 2040 | V1: 2045 | W1: 2050 | X1: 2055 | Y1: 2060 | Z1: 2065 | AA1: 2070 | AB1: 2075 | AC1: 2080 | AD1: 2085 | AE1: 2090 | AF1: 2095 | AG1: 2100
A2: 1 | B2: IMAGE-GLOBIO | C2: CONS-19 | D2: =LOOKUP(A2,LookUp!$H$3:$H$8,LookUp!$I$3:$I$8) -> Africa | E2: Terrestrial Biodiversity|MSA | F2: % | S2: 0.5616661 | W2: 0.56083857 | AA2: 0.56255814 | AG2: 0.55733315
A3: 1 | B3: IMAGE-GLOBIO | C3: CONS-19 | D3: =LOOKUP(A3,LookUp!$H$3:$H$8,LookUp!$I$3:$I$8) -> Africa | E3: Terrestrial Biodiversity|MSA|Plants | F3: % | S3: 0.54915338 | W3: 0.54697764 | AA3: 0.54801465 | AG3: 0.54245713
A4: 1 | B4: IMAGE-GLOBIO | C4: CONS-19 | D4: =LOOKUP(A4,LookUp!$H$3:$H$8,LookUp!$I$3:$I$8) -> Africa | E4: Terrestrial Biodiversity|MSA Loss|Plants|Pressure Climate Change | F4: % | S4: 0.094840169 | W4: 0.095997843 | AA4: 0.091982082 | AG4: 0.087369895
A5: 1 | B5: IMAGE-GLOBIO | C5: CONS-19 | D5: =LOOKUP(A5,LookUp!$H$3:$H$8,LookUp!$I$3:$I$8) -> Africa | E5: Terrestrial Biodiversity|MSA Loss|Plants|Pressure Land Use | F5: % | S5: 0.27773287 | W5: 0.27654376 | AA5: 0.2805114 | AG5: 0.27935854
A6: 1 | B6: IMAGE-GLOBIO | C6: CONS-19 | D6: =LOOKUP(A6,LookUp!$H$3:$H$8,LookUp!$I$3:$I$8) -> Africa | E6: Terrestrial Biodiversity|MSA Loss|Plants|Pressure Nitrogen | F6: % | S6: 0.077682912 | W6: 0.079889627 | AA6: 0.078900805 | AG6: 0.077768063
A7: 1 | B7: IMAGE-GLOBIO | C7: CONS-19 | D7: =LOOKUP(A7,LookUp!$H$3:$H$8,LookUp!$I$3:$I$8) -> Africa | E7: Terrestrial Biodiversity|MSA Loss|Pressure Climate Change | F7: % | S7: 0.076460274 | W7: 0.077364751 | AA7: 0.074381726 | AG7: 0.070855298
A8: 1 | B8: IMAGE-GLOBIO | C8: CONS-19 | D8: =LOOKUP(A8,LookUp!$H$3:$H$8,LookUp!$I$3:$I$8) -> Africa | E8: Terrestrial Biodiversity|MSA Loss|Pressure Land Use | F8: % | S8: 0.23893273 | W8: 0.23843627 | AA8: 0.24097152 | AG8: 0.24033531
A9: 1 | B9: IMAGE-GLOBIO | C9: CONS-19 | D9: =LOOKUP(A9,LookUp!$H$3:$H$8,LookUp!$I$3:$I$8) -> Africa | E9: Terrestrial Biodiversity|MSA Loss|Pressure Nitrogen | F9: % | S9: 0.038841456 | W9: 0.039944814 | AA9: 0.039450403 | AG9: 0.038884031
A10: 1 | B10: IMAGE-GLOBIO | C10: CONS-19 | D10: =LOOKUP(A10,LookUp!$H$3:$H$8,LookUp!$I$3:$I$8) -> Africa | E10: Terrestrial Biodiversity|MSA Loss|Encroachment | F10: % | S10: 0.036363765 | W10: 0.036168877 | AA10: 0.035591809 | AG10: 0.034206249
A11: 1 | B11: IMAGE-GLOBIO | C11: CONS-19 | D11: =LOOKUP(A11,LookUp!$H$3:$H$8,LookUp!$I$3:$I$8) -> Africa | E11: Terrestrial Biodiversity|MSA Loss|Fragmentation | F11: % | S11: 0.019420707 | W11: 0.01904708 | AA11: 0.018781085 | AG11: 0.018144846
A12: 1 | B12: IMAGE-GLOBIO | C12: CONS-19 | D12: =LOOKUP(A12,LookUp!$H$3:$H$8,LookUp!$I$3:$I$8) -> Africa | E12: Terrestrial Biodiversity|MSA Loss|Infrastructure Disturbance | F12: % | S12: 0.027724185 | W12: 0.027608623 | AA12: 0.027674245 | AG12: 0.027194371
A13: 1 | B13: IMAGE-GLOBIO | C13: CONS-19 | D13: =LOOKUP(A13,LookUp!$H$3:$H$8,LookUp!$I$3:$I$8) -> Africa | E13: Terrestrial Biodiversity|MSA|Vertebrates | F13: % | S13: 0.57417882 | W13: 0.5746995 | AA13: 0.57710163 | AG13: 0.57220917
... A102: 99 | B102: IMAGE-GLOBIO | C102: CONS-19 | D102: =LOOKUP(A102,LookUp!$H$3:$H$8,LookUp!$I$3:$I$8) -> World | E102: Terrestrial Biodiversity|MSA Loss|Vertebrates|Fragmentation | F102: % | S102: 0.06386238 | W102: 0.063307774 | AA102: 0.06352131 | AG102: 0.062046541
A103: 99 | B103: IMAGE-GLOBIO | C103: CONS-19 | D103: =LOOKUP(A103,LookUp!$H$3:$H$8,LookUp!$I$3:$I$8) -> World | E103: Terrestrial Biodiversity|MSA Loss|Vertebrates|Infrastructure Disturbance | F103: %

Sheet LookUp
B2: Value | C2: IMAGE region | D2: Native regioins | E2: UN5# | F2: UN5 | H2: UN5# | I2: UN5 | L2: UN5# | M2: UN5
B3: 1 | C3: Canada | D3: CAN | E3: =LOOKUP(D3,$M$3:$M$28,$L$3:$L$28) -> 5 | F3: =LOOKUP(E3,$H$3:$H$7,$I$3:$I$7) -> Western Europe and Other States | H3: 1 | I3: Africa | L3: 4 | M3: BRA
B4: 2 | C4: USA | D4: USA | E4: =LOOKUP(D4,$M$3:$M$28,$L$3:$L$28) -> 5 | F4: =LOOKUP(E4,$H$3:$H$7,$I$3:$I$7) -> Western Europe and Other States | H4: 2 | I4: Asia and the Pacific | L4: 5 | M4: CAN
B5: 3 | C5: Mexico | D5: MEX | E5: =LOOKUP(D5,$M$3:$M$28,$L$3:$L$28) -> 4 | F5: =LOOKUP(E5,$H$3:$H$7,$I$3:$I$7) -> Latin America and Caribbean | H5: 3 | I5: Eastern Europe | L5: 3 | M5: CEU
B6: 4 | C6: Rest of Central America | D6: RCAM | E6: =LOOKUP(D6,$M$3:$M$28,$L$3:$L$28) -> 4 | F6: =LOOKUP(E6,$H$3:$H$7,$I$3:$I$7) -> Latin America and Caribbean | H6: 4 | I6: Latin America and Caribbean | L6: 2 | M6: CHN
B7: 5 | C7: Brazil | D7: BRA | E7: =LOOKUP(D7,$M$3:$M$28,$L$3:$L$28) -> 4 | F7: =LOOKUP(E7,$H$3:$H$7,$I$3:$I$7) -> Latin America and Caribbean | H7: 5 | I7: Western Europe and Other States | L7: 1 | M7: EAF
B8: 6 | C8: Rest of South America | D8: RSAM | E8: =LOOKUP(D8,$M$3:$M$28,$L$3:$L$28) -> 4 | F8: =LOOKUP(E8,$H$3:$H$7,$I$3:$I$7) -> Latin America and Caribbean | H8: 99 | I8: World | L8: 2 | M8: INDIA
B9: 7 | C9: Northern Africa | D9: NAF | E9: =LOOKUP(D9,$M$3:$M$28,$L$3:$L$28) -> 1 | F9: =LOOKUP(E9,$H$3:$H$7,$I$3:$I$7) -> Africa | L9: 2 | M9: INDO
B10: 8 | C10: Western Africa | D10: WAF | E10: =LOOKUP(D10,$M$3:$M$28,$L$3:$L$28) -> 1 | F10: =LOOKUP(E10,$H$3:$H$7,$I$3:$I$7) -> Africa | L10: 2 | M10: JAP
B11: 9 | C11: Eastern Africa | D11: EAF | E11: =LOOKUP(D11,$M$3:$M$28,$L$3:$L$28) -> 1 | F11: =LOOKUP(E11,$H$3:$H$7,$I$3:$I$7) -> Africa | L11: 2 | M11: KOR
B12: 10 | C12: South Africa | D12: SAF | E12: =LOOKUP(D12,$M$3:$M$28,$L$3:$L$28) -> 1 | F12: =LOOKUP(E12,$H$3:$H$7,$I$3:$I$7) -> Africa | L12: 2 | M12: ME
B13: 11 | C13: Western Europe | D13: WEU | E13: =LOOKUP(D13,$M$3:$M$28,$L$3:$L$28) -> 5 | F13: =LOOKUP(E13,$H$3:$H$7,$I$3:$I$7) -> Western Europe and Other States | L13: 4 | M13: MEX
B14: 12 | C14: Central Europe | D14: CEU | E14: =LOOKUP(D14,$M$3:$M$28,$L$3:$L$28) -> 3 | F14: =LOOKUP(E14,$H$3:$H$7,$I$3:$I$7) -> Eastern Europe | L14: 1 | M14: NAF
B15: 13 | C15: Turkey | D15: TUR | E15: =LOOKUP(D15,$M$3:$M$28,$L$3:$L$28) -> 5 | F15: =LOOKUP(E15,$H$3:$H$7,$I$3:$I$7) -> Western Europe and Other States | L15: 5 | M15: OCE
B16: 14 | C16: Ukraine region | D16: UKR | E16: =LOOKUP(D16,$M$3:$M$28,$L$3:$L$28) -> 3 | F16: =LOOKUP(E16,$H$3:$H$7,$I$3:$I$7) -> Eastern Europe | L16: 4 | M16: RCAM
B17: 15 | C17: Central Asia | D17: STAN | E17: =LOOKUP(D17,$M$3:$M$28,$L$3:$L$28) -> 2 | F17: =LOOKUP(E17,$H$3:$H$7,$I$3:$I$7) -> Asia and the Pacific | L17: 1 | M17: RSAF
B18: 16 | C18: Russia region | D18: RUS | E18: =LOOKUP(D18,$M$3:$M$28,$L$3:$L$28) -> 3 | F18: =LOOKUP(E18,$H$3:$H$7,$I$3:$I$7) -> Eastern Europe | L18: 4 | M18: RSAM
B19: 17 | C19: Middle East | D19: ME | E19: =LOOKUP(D19,$M$3:$M$28,$L$3:$L$28) -> 2 | F19: =LOOKUP(E19,$H$3:$H$7,$I$3:$I$7) -> Asia and the Pacific | L19: 2 | M19: RSAS
B20: 18 | C20: India | D20: INDIA | E20: =LOOKUP(D20,$M$3:$M$28,$L$3:$L$28) -> 2 | F20: =LOOKUP(E20,$H$3:$H$7,$I$3:$I$7) -> Asia and the Pacific | L20: 3 | M20: RUS
... B28: 26 | C28: Rest of Southern Africa | D28: RSAF | E28: =LOOKUP(D28,$M$3:$M$28,$L$3:$L$28) -> 1 | F28: =LOOKUP(E28,$H$3:$H$7,$I$3:$I$7) -> Africa | L28: 5 | M28: WEU
B29: 27 | C29: Greenland
